Product,Qty,Price
Rice Wine - Aji Mirin,3013.834,37.2
Sour Puss - Tangerine,1799.804,39.04
Gatorade - Fruit Punch,1742.508,18.37
Irish Cream - Baileys,2140.208,96.43
Basil - Seedlings Cookstown,2795.452,37.12
Beer - Camerons Cream Ale,3551.832,39.77
Horseradish Root,3145.748,74.82
Fennel - Seeds,3821.241,134.54
Sugar - Sweet N Low Individual,1497.649,75.44
Wine - Bouchard La Vignee Pinot,3834.193,24.62
Sachet,2466.278,57.8
Baking Soda,1872.315,89.59
Soup - Knorr Classic Can. Chili,355.92,62.45
Syrup - Monin - Granny Smith,1061.704,87.65
Island Oasis - Magarita Mix,2319.452,106.8
Gherkin - Sour,2606.849,67.67
Mustard - Seed,389.607,84.26
Wine - Shiraz Wolf Blass Premium,332.324,134.05
Pasta - Fusili Tri - Coloured,2376.784,123.65
Pasta - Fettuccine Egg Fresh,3009.0,130.27
French Pastries,1145.781,102.25
Beer - Alexander Kieths Pale Ale,2006.249,16.76
Wine - Chateauneuf Du Pape,553.322,13.36
Vodka - Lemon Absolut,1972.199,51.82
Wine - Tio Pepe Sherry Fino,1060.924,57.21
Beer - True North Strong Ale,390.885,24.24
Rosemary - Dry,1727.59,100.35
Cups 10oz Trans,1108.533,102.76
Kohlrabi,2378.354,147.77
Pork - Suckling Pig,897.97,20.08
Shark - Loin,2687.245,20.62
Goulash Seasoning,1903.178,104.88
Sterno - Chafing Dish Fuel,2609.689,71.52
Wine - Sawmill Creek Autumn,2782.872,80.15
Ezy Change Mophandle,3154.451,65.53
Munchies Honey Sweet Trail Mix,2811.803,133.87
Raspberries - Frozen,1288.558,16.42
Beef - Cow Feet Split,3978.806,40.16
Carbonated Water - Peach,3387.243,127.67
Cookie - Oreo 100x2,2167.223,141.09
Table Cloth 62x120 White,219.608,36.49
Flour - Whole Wheat,2484.569,145.35
Sage - Ground,1883.222,73.99
Cleaner - Lime Away,1211.825,35.04
Miso Paste White,101.396,16.65
Trout - Smoked,3733.319,139.94
Chinese Foods - Pepper Beef,618.63,17.52
Hummus - Spread,3518.01,65.24
Yeast - Fresh Fleischman,3687.139,138.84
Beef - Eye Of Round,2050.795,98.37
Sour Puss - Tangerine,1119.615,136.51
Loaf Pan - 2 Lb Foil,1986.054,95.42
Cake - Lemon Chiffon,3978.052,136.95
Water - Evian 355 Ml,1429.602,144.45
Pepper - Paprika Spanish,512.901,20.57
Roe - Lump Fish Red,3809.059,71.16
Ocean Spray - Kiwi Strawberry,2166.531,76.57
Salmon - Fillets,3614.974,117.59
Coffee - Frthy Coffee Crisp,3056.214,91.72
Syrup - Monin Swiss Choclate,3268.551,118.09
Cookie Choc,1221.287,11.52
Nacho Chips,2350.723,140.09
Bar - Sweet And Salty Chocolate,3067.984,54.35
Wine - Lou Black Shiraz,3453.625,39.76
Ice Cream Bar - Hageen Daz To,1222.839,88.71
Filo Dough,2639.375,104.99
Pasta - Lasagna Dry,3903.276,19.04
Lamb Shoulder Boneless Nz,1976.815,29.83
Oxtail - Cut,2612.814,134.74
Peach - Halves,2401.741,46.32
Nacho Chips,404.54,41.06
Filo Dough,2714.539,51.48
Pie Filling - Cherry,2036.436,24.03
Soup Campbells - Italian Wedding,2570.435,13.11
Wine - Casablanca Valley,1588.831,109.87
Bread - Wheat Baguette,3536.439,91.93
Currants,1908.617,27.88
Muffin Carrot - Individual,1582.392,20.91
Tea - Honey Green Tea,970.794,109.29
Soda Water - Club Soda 355 Ml,515.452,17.03
Wine - White Schroder And Schyl,2029.487,129.23
Chips Potato All Dressed - 43g,231.026,68.94
Pepper - White Whole,1779.169,58.44
Pork Casing,2598.467,43.07
Cookies - Englishbay Oatmeal,651.276,45.92
Bay Leaf Fresh,2751.015,22.78
Container - Clear 16 Oz,440.534,43.81
Soup - Campbells Chicken,1105.66,121.27
Wine - Cousino Macul Antiguas,381.894,37.59
Scallops - In Shell,3134.771,96.23
Truffle Cups Green,2827.851,62.63
Calvados - Boulard,296.92,68.58
Ocean Spray - Kiwi Strawberry,3506.982,102.68
Artichoke - Hearts Canned,3431.819,84.04
Chips Potato Swt Chilli Sour,2445.473,79.38
Wine - Semi Dry Riesling Vineland,3766.41,84.08
Table Cloth 62x120 White,1420.814,126.35
Tart Shells - Savory 2,796.535,71.7
Mushroom - Enoki Fresh,338.986,74.09
Bread - Bistro White,2469.661,84.24
Smoked Tongue,2334.781,90.56
Peas - Frozen,931.543,23.86
Veal - Loin,98.241,50.44
Apricots - Dried,1932.334,93.45
Vinegar - Balsamic,2764.533,77.87
Cheese - Mozzarella Buffalo,2708.445,35.96
Squash - Pepper,1462.724,146.1
Tuna - Yellowfin,2208.365,41.5
Chips - Assorted,1241.703,76.19
Lettuce - Romaine,1039.36,54.24
Flour - Bran Red,1448.822,12.36
Pasta - Penne Rigate Dry,655.415,141.71
Blackberries,3543.615,92.65
Yoplait - Strawbrasp Peac,1138.147,106.65
Wine La Vielle Ferme Cote Du,1708.547,63.33
Beer - Guiness,1216.278,87.43
Beer - Tetleys,1204.519,127.07
Placemat - Scallop White,2620.996,77.88
Coffee Beans - Chocolate,2600.567,141.5
Sugar - Invert,3444.851,131.45
Sausage - Liver,1529.536,40.9
Muffin Batt - Carrot Spice,948.353,10.09
Jam - Blackberry 20 Ml Jar,363.767,21.5
Oil - Peanut,2721.927,28.16
Soup - Campbells Chili,3273.997,102.33
Anisette - Mcguiness,3935.528,27.41
Bay Leaf,324.315,137.23
Wine - Domaine Boyar Royal,1234.159,95.14
Petite Baguette,1161.726,91.85
Cauliflower,3896.588,129.1
Fruit Mix - Light,2724.236,61.18
Nacho Chips,3145.557,132.77
Shichimi Togarashi Peppeers,999.528,109.09
Oil - Hazelnut,1188.116,84.27
Foam Tray S2,1366.446,21.75
Flounder - Fresh,3111.237,118.3
Canadian Emmenthal,419.545,78.32
Ecolab - Hobart Upr Prewash Arm,2674.87,65.78
Wine - Vineland Estate Semi - Dry,2120.152,74.08
Cheese - Cheddar Old White,1398.732,57.31
Basil - Dry Rubbed,404.208,85.6
Lemonade - Black Cherry 591 Ml,1449.953,123.84
Crab - Dungeness Whole live,1059.897,37.24
Pate - Liver,2064.653,130.03
Hickory Smoke Liquid,1362.402,62.9
Cream Of Tartar,2578.004,120.9
Wine - White Cooking,2153.497,145.67
Wine - Red Black Opal Shiraz,1280.156,121.62
Garbage Bag - Clear,2287.258,147.54
Salt - Sea,1383.9,132.28
Beef Flat Iron Steak,3505.873,10.38
Rabbit - Whole,3745.539,91.55
Cheese - Brie Cups 125g,79.0,36.94
Gin - Gilbeys London Dry,3085.444,111.61
Buffalo - Striploin,2308.602,33.03
Muffin Mix - Banana Nut,141.236,143.27
Gatorade - Lemon Lime,132.338,146.53
Pineapple - Canned Rings,2120.998,85.26
Ice Cream - Chocolate,2713.588,97.65
Chocolate - Sugar Free Semi Choc,2431.74,72.26
Tequila Rose Cream Liquor,2630.516,22.34
Wine - Savigny - Les - Beaune,3884.451,148.41
Paper Towel Touchless,1076.084,39.93
Turkey Tenderloin Frozen,2191.718,50.68
Pork - Bacon Sliced,2652.192,27.33
Muffin Hinge 117n,3842.06,18.17
Island Oasis - Strawberry,2427.281,122.26
Squash - Butternut,1921.768,137.23
Salt And Pepper Mix - Black,77.344,69.45
Fish - Bones,2075.814,119.09
Chicken - Tenderloin,1433.862,58.25
Juice - Mango,548.379,22.13
Juice - Happy Planet,1671.361,101.04
Lamb Leg - Bone - In Nz,2374.494,30.52
Pastry - Cheese Baked Scones,2295.864,136.83
Ice Cream - Vanilla,705.649,71.78
Cheese - Ricotta,1038.0,21.98
Bread - Crumbs Bulk,704.132,17.54
Puree - Strawberry,2055.35,116.39
Soup - Campbells Bean Medley,496.093,134.44
Bandage - Fexible 1x3,1169.067,57.87
Cotton Wet Mop 16 Oz,349.453,44.99
Beef - Montreal Smoked Brisket,3873.236,13.99
Galliano,1454.961,44.02
Olives - Kalamata,3868.371,114.96
Ocean Spray - Kiwi Strawberry,3845.101,11.07
Cheese - Brie Roitelet,2582.098,72.3
Water Tap,1387.887,100.66
Meldea Green Tea Liquor,166.694,138.09
Wine - White Chardonnay,3478.957,40.0
Sun - Dried Tomatoes,159.129,119.17
Pepper - Pablano,125.311,120.88
Cheese - Mozzarella Buffalo,614.305,77.76
Truffle Paste,1118.283,29.67
Beef - Top Sirloin - Aaa,3823.809,14.43
Pasta - Cannelloni Sheets Fresh,467.715,113.17
Carbonated Water - Cherry,2302.669,148.51
Rice - Long Grain,942.327,142.87
Anisette - Mcguiness,457.196,129.25
Cabbage - Nappa,2417.388,12.94
Apple - Fuji,3272.528,34.7
Steel Wool S.o.s,3512.327,100.76
Wine - Magnotta - Bel Paese White,3363.355,140.46
Sauce - Cranberry,2641.9,67.21
Fudge - Chocolate Fudge,3896.904,114.74
Scallop - St. Jaques,2894.391,51.06
Mince Meat - Filling,892.894,79.83
Vanilla Beans,549.974,125.25
Wine - Stoneliegh Sauvignon,3953.948,60.98
Ham - Black Forest,2317.999,71.16
Remy Red Berry Infusion,2436.794,25.35
Wine - Barossa Valley Estate,2727.19,56.75
Ketchup - Tomato,1513.763,85.16
Beer - Alexander Kieths Pale Ale,1887.309,35.37
Pears - Anjou,2273.948,109.94
Squash - Butternut,1958.741,137.91
Tomato - Tricolor Cherry,3961.419,117.66
Bouq All Italian - Primerba,2700.858,13.91
Sprouts - Peppercress,2709.871,18.13
Cabbage - Red,230.684,125.85
Salami - Genova,1692.225,41.63
Sauce - Caesar Dressing,110.221,50.23
Pail With Metal Handle 16l White,2866.586,41.74
Lettuce - Curly Endive,847.539,143.04
Pasta - Shells Medium Dry,2609.237,35.01
Cookie Double Choco,877.931,132.71
Grapefruit - Pink,432.331,36.47
Tomatillo,1348.645,136.89
Sword Pick Asst,2640.979,32.32
Longos - Grilled Chicken With,155.983,24.33
Mcguinness - Blue Curacao,334.189,72.15
Oil - Shortening - All - Purpose,2429.157,29.38
Onions - Cooking,1469.758,121.55
Eggplant Oriental,3062.676,105.53
Turkey - Ground. Lean,567.188,148.91
Flax Seed,3865.045,62.12
Pasta - Lasagne Fresh,854.734,25.4
Beef - Texas Style Burger,1111.236,111.06
Beef - Bones Marrow,752.36,136.7
Egg Patty Fried,2778.382,63.3
Shiro Miso,3619.526,84.33
Bread Base - Toscano,3663.721,130.32
Pastry - Chocolate Marble Tea,2690.02,49.52
Sesame Seed Black,3106.178,56.2
Pasta - Tortellini Fresh,1396.609,123.8
Table Cloth 81x81 White,373.037,146.86
Coffee - 10oz Cup 92961,654.739,131.07
Sugar - Brown Individual,1027.715,57.04
Pork - Chop Frenched,1772.474,40.13
Sobe - Orange Carrot,2021.198,128.81
Boogies,408.463,125.52
Rye Special Old,1643.589,102.29
Oneshot Automatic Soap System,2499.223,71.24
Juice - Pineapple 48 Oz,1880.149,61.15
Squeeze Bottle,2935.037,48.51
Beef - Short Ribs,853.452,37.43
Red Pepper Paste,304.583,136.19
Wine - Alsace Gewurztraminer,1968.512,12.63
Lamb - Loin Trimmed Boneless,3222.438,82.83
Scallop - St. Jaques,904.523,73.37
Wine - Chianti Classico Riserva,3816.598,40.74
Bamboo Shoots - Sliced,1029.748,79.63
Energy Drink - Redbull 355ml,2367.925,109.04
Steamers White,3578.064,30.1
Shark - Loin,85.938,109.7
Foam Cup 6 Oz,1887.629,92.88
Spoon - Soup Plastic,3345.357,111.15
Cheese - Pont Couvert,3093.335,134.75
Lobster - Canned Premium,1164.544,31.97
Wine - Conde De Valdemar,1355.032,72.39
Wine - White Cooking,2874.456,92.77
Potatoes - Parissienne,3011.029,80.71
Flower - Dish Garden,3749.873,76.26
Tia Maria,2640.305,58.14
Lid - High Heat Super Clear,1848.008,125.0
Wine - Red Cabernet Sauvignon,2067.458,120.24
Cheese - Le Cheve Noir,780.101,39.8
Tomato - Plum With Basil,3942.843,39.18
Flavouring - Raspberry,774.546,27.73
Salmon - Whole 4 - 6 Pounds,2612.029,77.81
Nutmeg - Ground,897.433,141.62
Evaporated Milk - Skim,225.255,26.05
Split Peas - Green Dry,1880.848,57.66
Galliano,1393.338,134.46
Soup - Campbells Tomato Ravioli,3889.985,27.31
Ice Cream - Life Savers,3149.045,29.79
Filter - Coffee,2573.589,46.37
Pineapple - Canned Rings,1915.65,89.93
Wine - Rubyport,1692.813,65.19
Beer - Blue,660.936,109.99
Table Cloth 62x120 White,2597.24,119.58
Chocolate - Compound Coating,2143.482,137.64
Pepper - Julienne Frozen,2558.817,79.86
Sausage - Blood Pudding,171.704,74.16
Sprouts - Brussel,334.809,54.94
Appetizer - Lobster Phyllo Roll,373.888,99.5
The Pop Shoppe - Lime Rickey,2419.027,129.14
Wine - Manischewitz Concord,2506.717,115.5
Nut - Walnut Pieces,2773.41,124.22
Energy Drink Red Bull,3050.056,67.04
Oil - Olive Bertolli,3743.985,13.61
Potatoes - Idaho 80 Count,2316.347,136.71
Wine - Alsace Gewurztraminer,3435.196,133.13
Paper Cocktail Umberlla 80 - 180,3782.143,115.92
Turnip - White,300.0,145.2
Puree - Kiwi,857.019,105.04
Juice - V8 Splash,1815.462,59.07
Lamb - Loin Trimmed Boneless,1660.525,57.18
Butter - Salted Micro,3888.873,37.9
Lettuce - Iceberg,2091.252,85.58
Pastry - Trippleberry Muffin - Mini,873.76,28.42
Cheese - Goat,3841.398,130.15
Container - Clear 32 Oz,1596.982,18.5
Pate Pans Yellow,3101.737,69.71
Pepper - Red Thai,1632.449,58.58
Extract - Raspberry,3619.015,123.95
Lettuce Romaine Chopped,2145.271,77.47
Chicken - Wieners,3304.06,126.38
Bread - Rolls Corn,612.752,72.0
Goulash Seasoning,1231.007,145.58
Glass - Wine Plastic Clear 5 Oz,2466.379,98.82
Energy Drink - Franks Original,645.275,126.99
Wine - Zonnebloem Pinotage,1246.363,149.58
Oyster - In Shell,1282.16,138.37
Pork - Back Ribs,1329.0,21.82
Vinegar - Raspberry,2523.618,73.65
Pasta - Bauletti Chicken White,1850.171,58.1
Beef - Bones Cut - Up,368.621,59.46
Cheese - Mozzarella,2537.366,84.52
Cheese - Manchego Spanish,2743.389,57.34
Sprouts - Onion,2296.8,51.6
Beef - Ox Tongue Pickled,2885.523,127.24
Flour - Semolina,498.765,95.55
Wine - Saint - Bris 2002 Sauv,2240.239,100.65
Bread - Triangle White,956.346,135.87
Soup - Campbells - Chicken Noodle,95.088,28.07
Potatoes - Mini Red,59.835,53.33
Garlic - Primerba Paste,3182.881,128.04
Bread - French Baquette,388.571,13.79
Lemonade - Pineapple Passion,1581.884,30.56
Bread - French Stick,845.627,12.31
Veal - Inside Choice,1269.234,58.81
Rice - Wild,515.637,90.43
Beer - Camerons Auburn,2103.215,105.46
Skirt - 29 Foot,2361.068,90.71
Pepper - Red Bell,1186.5,100.07
Beef - Bones Cut - Up,2765.806,149.75
Foil Wrap,1615.387,13.66
Bacardi Breezer - Strawberry,2734.36,32.45
Veal - Kidney,1968.072,81.28
Foil Wrap,25.078,77.2
Lettuce - Romaine Heart,479.503,133.14
Chocolate - Compound Coating,535.388,130.67
Barramundi,985.145,61.53
Pop - Club Soda Can,1028.529,77.68
Yogurt - Blueberry 175 Gr,703.537,109.41
Bread - Corn Muffaleta Onion,1549.385,133.92
Pastry - Baked Cinnamon Stick,1264.163,146.4
Orange - Canned Mandarin,907.491,139.24
Chocolate Bar - Coffee Crisp,952.85,118.23
Seedlings - Mix Organic,1228.09,113.42
Cheese - Mix,2260.745,145.81
Eggplant - Asian,3567.588,83.07
Mushroom - Porcini Dry,117.277,98.58
Cheese - Gouda,2879.776,63.57
Savory,110.673,41.36
Fish - Soup Base Bouillon,3814.83,65.77
Oneshot Automatic Soap System,793.228,142.59
Wine - Magnotta - Belpaese,2574.731,21.26
Compound - Rum,2476.474,139.55
Duck - Fat,2037.091,131.39
Tea - Decaf Lipton,833.767,24.24
Coffee Cup 12oz 5342cd,1021.676,46.93
Cheese - Mascarpone,3892.953,92.66
Bread Sour Rolls,990.881,118.05
Coconut - Shredded Unsweet,3202.274,128.27
Ecolab Crystal Fusion,1913.535,86.62
Lemonade - Natural 591 Ml,2759.647,141.37
Beef - Outside Round,1673.685,94.97
Puree - Passion Fruit,105.647,99.07
Lemonade - Island Tea 591 Ml,486.392,120.32
Cabbage - Nappa,1258.958,136.97
Beer - Paulaner Hefeweisse,3316.823,11.3
Pepper - Paprika Hungarian,3768.287,22.94
Nut - Pistachio Shelled,1223.084,94.19
Wine - Sherry Dry Sack William,2343.537,114.35
Scallops 60/80 Iqf,982.142,105.09
Cheese - Brick With Onion,981.602,25.16
Juice - Happy Planet,2519.305,109.94
Oil - Hazelnut,1875.237,73.14
Kiwi Gold Zespri,3361.47,113.41
Oil - Macadamia,1472.005,19.69
Pur Source,3307.863,63.58
Chocolate Eclairs,209.112,63.24
Pate - Liver,919.056,141.85
Cookie Chocolate Chip With,3562.605,107.92
Chocolate - Dark Callets,3767.039,65.39
Ginger - Crystalized,351.767,23.21
Pasta - Fett Alfredo Single Serve,3671.827,19.9
Energy Drink Red Bull,3224.19,66.24
V8 - Tropical Blend,373.137,110.6
Pepper - Yellow Bell,806.741,53.66
Cheese - Stilton,1304.296,122.07
Chicken - Whole Fryers,2484.77,98.11
Bread - Multigrain Loaf,635.208,124.8
Lamb - Whole Fresh,3891.304,59.1
Cheese - Mozzarella,1336.728,73.72
Lotus Leaves,480.537,128.44
Ice Cream Bar - Hagen Daz,233.315,32.63
Chicken - Tenderloin,2735.968,18.14
Pesto - Primerba Paste,157.935,18.54
Sword Pick Asst,887.638,110.16
Turkey - Breast Double,1720.474,16.33
Cheese - Cheddar With Claret,2313.027,85.24
Cheese - La Sauvagine,2409.29,72.36
Longos - Chicken Wings,147.418,114.48
Ice Cream Bar - Hagen Daz,409.236,113.4
Tomatoes - Heirloom,3365.994,15.12
Cookies - Englishbay Wht,2606.916,108.34
Buffalo - Striploin,2761.209,120.62
Pork - Back Long Cut Boneless,1943.831,65.24
Wine - White Chardonnay,1305.217,61.08
Wine - Maipo Valle Cabernet,2757.279,51.25
Lid - 0090 Clear,2843.306,140.47
Cheese - Roquefort Pappillon,2701.799,85.3
Beans - Kidney Red Dry,2308.138,109.57
Sambuca - Ramazzotti,2763.095,110.77
Chocolate - Pistoles White,576.574,81.74
Uniform Linen Charge,3933.54,135.64
Jolt Cola - Electric Blue,2886.042,73.89
Oregano - Dry Rubbed,1678.024,81.33
Beef - Flank Steak,2111.072,102.18
Carbonated Water - Blackberry,2644.409,39.84
Sausage - Blood Pudding,1248.504,61.67
Oxtail - Cut,1390.939,70.05
Wine - Vouvray Cuvee Domaine,2461.213,25.0
Appetizer - Chicken Satay,778.423,57.87
Ham - Smoked Bone - In,2572.766,38.02
Boogies,3103.114,86.21
Pasta - Lasagna Noodle Frozen,3682.271,68.71
Wine - Rubyport,2154.452,13.59
Water Tap,1065.856,127.81
Capon - Breast Wing On,3988.546,87.68
Black Currants,926.191,59.5
Butter Ripple - Phillips,1345.951,149.99
Mudslide,550.115,122.34
Truffle Shells - Semi - Sweet,1631.657,23.86
Club Soda - Schweppes 355 Ml,192.81,65.51
Island Oasis - Wildberry,2587.628,137.61
Appetizer - Chicken Satay,2771.829,78.61
Shrimp - 31/40,1111.135,23.05
Chicken - Thigh Bone In,3981.795,37.37
Creme De Menthe Green,2018.043,34.46
Plasticforkblack,1430.442,15.96
Absolut Citron,3818.265,10.78
Chicken - Livers,3915.934,92.71
Wine - Acient Coast Caberne,3940.932,121.32
Cream - 35%,853.009,50.48
Longos - Chicken Curried,3984.129,31.47
Trueblue - Blueberry 12x473ml,3254.199,89.1
Pepper - Orange,3966.983,10.59
Gatorade - Fruit Punch,3896.623,105.44
Danishes - Mini Cheese,3842.766,121.1
Wine - White Colubia Cresh,1837.525,138.15
Banana - Leaves,2170.905,138.84
Juice - Clam 46 Oz,716.132,44.94
Jam - Blackberry 20 Ml Jar,2794.396,47.31
Chips Potato Reg 43g,705.772,22.07
Coffee - Beans Whole,3281.284,47.33
Oil - Macadamia,1069.983,14.29
Lamb - Shoulder Boneless,2562.857,142.88
Sage Ground Wiberg,98.122,108.93
Melon - Watermelon Seedless,3175.493,106.98
Broom - Angled,580.922,148.72
Scallops - In Shell,2835.566,72.73
Soup - Campbells Asian Noodle,854.972,47.1
Beef Cheek Fresh,1465.699,31.63
Red Cod Fillets - 225g,804.401,20.33
Soup - Campbells Beef Stew,1547.309,118.16
Pumpkin,799.101,127.59
Beer - Upper Canada Light,483.042,94.26
Tart Shells - Savory 2,952.433,30.01
Pheasants - Whole,2262.443,25.52
Paper Towel Touchless,3071.801,103.47
Lime Cordial - Roses,3111.93,145.42
Chips - Miss Vickies,1091.211,32.03
Lettuce - Arugula,1357.865,120.47
Foam Cup 6 Oz,993.653,117.39
Oven Mitts - 15 Inch,1369.615,38.62
Duck - Legs,2600.954,134.21
Wine - Red Cabernet Merlot,1745.571,14.71
Tuna - Loin,3970.269,57.81
Sauce - White Mix,722.015,73.78
Buffalo - Short Rib Fresh,2415.704,11.55
Beer - Camerons Auburn,2362.801,11.18
Sambuca - Ramazzotti,2521.883,18.58
Cookie - Dough Variety,1073.492,28.04
Juice - Cranberry 284ml,3519.131,109.39
Jam - Strawberry 20 Ml Jar,966.738,55.89
Lettuce - Boston Bib,507.436,81.16
Wine - White Pelee Island,1765.585,23.57
Crab Brie In Phyllo,750.342,91.34
Wine - Duboeuf Beaujolais,378.675,121.31
Duck - Breast,3867.51,149.8
Flour - So Mix Cake White,2476.381,139.63
Lentils - Green Le Puy,3102.286,64.88
Veal - Inside Choice,2452.091,112.31
Wine - Alicanca Vinho Verde,2125.84,144.34
Coffee Cup 8oz 5338cd,3866.884,94.61
Wine - Magnotta - Bel Paese White,1562.213,90.7
Beef - Short Ribs,134.339,22.69
Salmon - Whole 4 - 6 Pounds,2013.479,145.23
Vermacelli - Sprinkles Assorted,1816.019,86.46
Sambuca - Opal Nera,751.215,141.04
Wine - Pinot Noir Pond Haddock,1310.002,36.78
Spinach - Packaged,1504.123,119.62
Puree - Guava,1008.113,140.89
Miso Paste White,2494.138,48.5
Grapes - Red,3015.033,25.94
The Pop Shoppe - Cream Soda,1376.062,49.1
Veal - Slab Bacon,3244.642,142.84
Sour Puss Raspberry,2503.117,81.1
Red Currant Jelly,556.941,65.77
Spinach - Frozen,224.866,130.98
Pasta - Cheese / Spinach Bauletti,2090.765,122.06
Wine - White Lindemans Bin 95,3003.288,48.04
Squeeze Bottle,2770.345,68.08
Momiji Oroshi Chili Sauce,2720.437,77.19
Wine - Mondavi Coastal Private,2902.31,41.25
Yeast Dry - Fermipan,2264.55,145.56
Cheese - Mix,1393.839,97.43
Lotus Leaves,3676.583,33.47
Onions - Spanish,650.366,54.94
Carrots - Jumbo,3258.442,120.48
Rum - Coconut Malibu,3164.304,44.43
Cake - Night And Day Choclate,1616.26,23.3
Tea - Green,3829.845,142.92
Chocolate Bar - Coffee Crisp,3787.904,138.26
Kirsch - Schloss,3427.687,76.96
7up Diet 355 Ml,2482.811,58.75
Currants,345.738,104.12
Juice - Orangina,3284.924,93.0
Beer - Sleemans Cream Ale,1075.527,101.14
Veal - Inside Choice,3642.901,87.33
Cheese - Montery Jack,2746.576,136.51
Banana - Green,683.815,145.71
Pork - Back Ribs,310.087,67.57
Skewers - Bamboo,740.212,111.2
Muffin Mix - Carrot,2617.098,103.92
Bread - Rosemary Focaccia,483.916,24.92
Apple - Delicious Red,2136.226,10.57
Tomatoes - Grape,3786.552,27.0
V8 - Vegetable Cocktail,1150.243,32.22
Artichoke - Fresh,487.752,125.48
Juice - Happy Planet,3560.794,146.9
Chocolate - Milk Callets,2636.301,124.28
Sauce - Thousand Island,2431.34,28.59
Salt And Pepper Mix - White,2976.673,84.94
Straws - Cocktale,538.943,103.38
Coke - Diet 355 Ml,31.411,117.89
Chicken Breast Halal,1165.486,81.95
Wine - White Lindemans Bin 95,1524.018,41.55
Water - Green Tea Refresher,3669.515,105.97
Straws - Cocktale,1621.716,96.21
Edible Flower - Mixed,1563.513,14.53
Bar Bran Honey Nut,3857.754,108.33
Shark - Loin,3945.915,29.02
Gingerale - Diet - Schweppes,2016.359,139.43
Roe - Lump Fish Red,1974.534,24.77
Cranberries - Frozen,3964.444,78.05
Jameson Irish Whiskey,3775.815,122.74
Emulsifier,658.354,57.29
Food Colouring - Green,2141.97,44.72
Bread - Sour Sticks With Onion,2067.986,30.74
Gatorade - Xfactor Berry,828.423,78.53
Paste - Black Olive,1411.239,105.21
Beer - Molson Excel,1022.171,125.93
Nescafe - Frothy French Vanilla,3021.788,50.38
Soup - Canadian Pea Dry Mix,1239.373,124.64
Extract - Almond,2479.721,88.2
Wine - Rioja Campo Viejo,2989.707,143.07
Grapefruit - Pink,3538.223,137.65
Lamb - Leg Diced,2413.54,80.57
Figs,692.269,100.16
Chervil - Fresh,2758.863,62.38
Calaloo,905.491,88.18
Lamb - Bones,2376.681,42.26
Beef - Top Sirloin - Aaa,825.676,45.54
Swiss Chard - Red,1221.238,130.75
Rice - Aborio,1617.56,105.23
Appetizer - Chicken Satay,3612.089,76.13
Chocolate - Liqueur Cups With Foil,645.276,133.95
Pepper - Scotch Bonnet,3797.316,112.62
Dehydrated Kelp Kombo,3981.179,39.28
Wine - Barolo Fontanafredda,2669.156,119.32
Nacho Chips,2060.675,47.88
Cheese - Mix,817.365,34.03
Shiro Miso,3336.201,98.03
Bread - Malt,796.194,65.26
Wine - Red Marechal Foch,454.672,33.68
Ice Cream Bar - Oreo Cone,2736.018,13.2
Split Peas - Green Dry,2829.666,116.55
Squid - U 5,3970.239,138.98
Wine - Bouchard La Vignee Pinot,2758.835,115.57
Lady Fingers,1701.4,104.96
Wine - White Riesling Henry Of,2340.549,127.75
Coffee - Flavoured,3021.546,64.81
Sprouts - Pea,865.564,97.61
Sauce - Hollandaise,1608.851,33.09
Mousse - Mango,643.093,44.22
Cheese - Wine,1488.094,75.88
Gingerale - Schweppes 355 Ml,3541.535,36.2
Rice Paper,903.218,118.43
Sage Derby,1660.849,135.89
Soup - Campbellschix Stew,3111.781,29.89
Soup - Campbells Lentil,950.665,57.15
Muffin Mix - Carrot,933.695,30.33
Pop Shoppe Cream Soda,3207.197,25.27
Ecolab - Hobart Upr Prewash Arm,749.234,112.03
Wine - Ej Gallo Sierra Valley,3326.89,138.76
Ecolab - Hobart Upr Prewash Arm,3414.036,55.87
Wine - Cotes Du Rhone Parallele,259.677,27.03
Lamb - Leg Boneless,2063.021,127.48
Coke - Classic 355 Ml,694.012,63.59
Saskatoon Berries - Frozen,3786.532,87.82
Pails With Lids,1555.882,86.82
Dried Apple,706.859,49.86
Container - Clear 32 Oz,3040.335,109.81
Sansho Powder,3760.884,55.6
Sauce - Thousand Island,1551.213,147.99
Contreau,3156.792,75.52
Oil - Macadamia,1394.723,89.15
Beer - Pilsner Urquell,3976.532,141.47
Plastic Arrow Stir Stick,126.145,139.31
Cheese - Marble,957.733,56.51
Venison - Racks Frenched,3181.596,135.37
Pasta - Elbows Macaroni Dry,418.138,67.29
Cheese - Havarti Roasted Garlic,3909.341,78.33
Okra,572.86,145.75
Basil - Dry Rubbed,3905.801,13.29
Lamb - Loin Trimmed Boneless,2213.692,117.63
Beer - Molson Excel,3335.407,11.19
Wine - Red Cooking,3234.619,54.41
Butcher Twine 4r,13.859,51.93
Orange - Canned Mandarin,1947.596,69.18
Mushroom - Oyster Fresh,3905.446,54.39
Beef Striploin Aaa,1515.191,66.87
Chicken - Whole Fryers,3914.72,143.44
Asparagus - Green Fresh,146.801,139.8
Coffee Decaf Colombian,1545.033,72.19
Shrimp - Black Tiger 6 - 8,3048.736,65.0
Versatainer Nc - 9388,1163.856,50.59
Wine - Pinot Noir Mondavi Coastal,342.218,136.23
Pepper - Chillies Crushed,918.588,80.09
Juice - Orange 1.89l,2176.993,107.18
Lamb - Shoulder,3290.669,19.6
Cup Translucent 9 Oz,2984.024,121.17
Island Oasis - Banana Daiquiri,2263.449,81.34
Wine - Rubyport,1675.37,21.53
Lobak,1130.763,130.45
Beef - Striploin,3990.0,142.95
Carbonated Water - Orange,3501.837,44.08
Lemonade - Black Cherry 591 Ml,3566.286,73.69
Wheat - Soft Kernal Of Wheat,2705.298,95.0
Juice - Ocean Spray Kiwi,2793.209,119.84
Seaweed Green Sheets,1059.772,101.44
Vodka - Moskovskaya,888.477,11.14
Bread Sour Rolls,3673.081,92.03
Rum - Light Captain Morgan,2716.346,71.68
Pineapple - Golden,2677.63,122.04
Quiche Assorted,729.794,48.44
Wine - Prem Select Charddonany,896.851,69.77
Tuna - Canned Flaked Light,1639.821,10.29
Red Snapper - Fresh Whole,1734.369,147.07
Celery Root,3462.444,59.64
Tea - Herbal I Love Lemon,2115.417,12.24
Sugar - Invert,1824.796,18.24
Nut - Walnut Pieces,1040.163,17.4
Fish - Base Bouillion,325.997,12.61
Nantucket - Pomegranate Pear,96.728,26.02
Cheese - Wine,968.59,28.33
Salt And Pepper Mix - White,3475.328,77.62
Yogurt - Strawberry 175 Gr,3899.73,76.4
Beer - Camerons Auburn,59.183,138.81
Cloves - Ground,3539.552,90.51
Lamb - Whole Head Offnz,1717.381,31.29
Cup - 8oz Coffee Perforated,2419.76,106.58
Basil - Seedlings Cookstown,3288.045,119.51
Apple - Macintosh,2458.507,101.24
Filter - Coffee,2598.272,86.58
Radish,288.734,134.56
The Pop Shoppe Pinapple,1459.138,71.69
Gatorade - Cool Blue Raspberry,1443.86,28.73
Rice - Aborio,2361.701,123.73
Pastry - Carrot Muffin - Mini,2762.022,100.12
Wine - Red Gamay Noir,3462.779,134.56
Galliano,2665.07,24.35
Fish - Scallops Cold Smoked,2657.97,148.11
Corn - Cream Canned,368.69,28.53
Muffin - Carrot Individual Wrap,2499.217,46.62
Eggplant - Asian,126.648,17.95
Bacardi Limon,1632.317,117.7
Tomato Paste,3571.69,116.59
Placemat - Scallop White,1490.591,147.14
Salsify Organic,870.719,72.5
Shichimi Togarashi Peppeers,3104.457,110.43
Orange - Blood,3002.41,144.68
Pie Shell - 5,2276.354,89.27
Flounder - Fresh,2779.424,88.29
Alize Red Passion,3919.129,23.45
Tea - Herbal - 6 Asst,3115.369,78.7
Table Cloth - 53x69 Colour,3454.842,77.03
Chinese Foods - Pepper Beef,744.838,136.44
Sausage - Meat,1064.225,41.51
Vector Energy Bar,129.238,16.94
Yogurt - Plain,3641.105,15.48
Pepper Squash,3058.239,118.63
Cocoa Powder - Natural,331.003,20.94
Iced Tea - Lemon 460 Ml,2578.039,99.68
Tart Shells - Sweet 4,3843.064,40.24
Table Cloth 90x90 Colour,3675.463,49.59
Red Snapper - Fresh Whole,861.846,103.79
Sobe - Lizard Fuel,21.146,28.23
Wine - White Ej,1986.238,75.57
Nantucket - Orange Mango Cktl,2736.14,113.74
Beer - Pilsner Urquell,3932.776,118.81
Beer - Creemore,3188.042,141.62
Chestnuts - Wholecanned,1220.888,95.41
Veal Inside - Provimi,2988.305,43.95
Beef Tenderloin Aaa,3909.775,26.83
Bread Country Roll,3360.853,89.92
Nut - Walnut Chopped,1575.33,29.39
Lemons,1722.014,39.89
Potatoes - Peeled,1504.247,140.06
Grenadillo,2486.009,55.14
Island Oasis - Sweet And Sour Mix,109.627,62.65
Truffle Paste,1351.83,50.63
Parsley - Fresh,514.468,119.82
Coffee Guatemala Dark,3665.365,23.84
Wine - Vineland Estate Semi - Dry,3176.739,80.48
Sprouts - Pea,75.156,135.78
Bread - Multigrain Loaf,3644.812,27.7
Butter Balls Salted,128.857,63.29
Muffin Mix - Lemon Cranberry,358.469,56.23
Chocolate - Feathers,3457.788,44.65
Ham - Cooked Italian,746.133,81.48
Quail - Whole Boneless,3696.092,116.25
Chips - Doritos,3731.32,87.98
Sugar - Fine,1666.405,34.61
V8 Splash Strawberry Kiwi,2293.686,109.03
Pastry - Plain Baked Croissant,1234.051,51.99
Wiberg Cure,42.606,113.67
Rice Paper,727.621,42.12
Numi - Assorted Teas,2059.974,99.12
Cod - Black Whole Fillet,1857.855,81.44
Cabbage - Red,2879.669,67.33
Beef - Ox Tail Frozen,988.867,75.4
Raspberries - Frozen,1814.454,58.91
Cookies - Englishbay Oatmeal,1618.92,69.95
Wine - Domaine Boyar Royal,1184.594,137.03
Temperature Recording Station,3719.174,70.94
Wine - White Schroder And Schyl,546.721,138.29
Pimento - Canned,3206.126,78.56
Garlic - Peeled,2984.498,34.33
Nut - Macadamia,2117.744,129.87
Peas Snow,3869.167,35.45
Table Cloth 81x81 White,1758.466,96.25
Pasta - Ravioli,3430.21,62.76
Chips - Miss Vickies,3683.591,125.92
Coffee - Ristretto Coffee Capsule,2708.487,123.44
Soup - Base Broth Beef,246.376,110.41
Steamers White,1505.173,17.14
Cheese - Camembert,3114.166,143.93
Syrup - Kahlua Chocolate,2927.564,55.0
Ham - Cooked Italian,2730.771,104.96
Wine - Ej Gallo Sierra Valley,856.137,51.15
Pork - Ham Virginia,3130.008,131.46
Knife Plastic - White,3624.787,117.38
Pasta - Lasagna Dry,2964.947,125.21
Venison - Ground,3722.785,39.27
Flavouring - Orange,811.416,82.98
Asparagus - White Fresh,232.151,87.78
Chutney Sauce - Mango,1402.514,48.98
Okra,1429.967,131.64
Cake - Night And Day Choclate,2784.508,69.12
Sauce - Sesame Thai Dressing,1532.091,46.96
Coffee - Decafenated,781.197,54.44
Pork - Tenderloin Frozen,2418.168,19.36
Soup - Campbells Spinach Crm,338.439,121.54
Bagelers - Cinn / Brown Sugar,2380.228,139.0
Beef - Tongue Fresh,1028.657,67.43
Strawberries,3631.92,128.24
Irish Cream - Baileys,3520.772,132.65
Papayas,1896.127,52.45
Mushroom - Trumpet Dry,245.587,42.32
Pancetta,23.98,45.23
Blue Curacao - Marie Brizard,2746.025,121.2
Star Anise Whole,1086.916,28.77
Veal - Brisket Provimibnls,225.75,31.89
Yoplait - Strawbrasp Peac,2979.37,105.98
Bread - Focaccia Quarter,3319.084,44.9
Cafe Royale,949.66,37.96
Beef - Eye Of Round,1196.614,53.7
Wine - Bouchard La Vignee Pinot,3539.421,141.06
Scallops - 10/20,613.37,134.81
Wine - Crozes Hermitage E.,55.053,71.23
Poppy Seed,2349.618,100.75
Plastic Wrap,3081.345,111.55
Muffin Batt - Carrot Spice,3446.788,26.16
Pepper - Paprika Spanish,2904.921,123.97
Pork - Back Short Cut Boneless,386.018,10.32
Compound - Passion Fruit,3219.63,25.05
Island Oasis - Mango Daiquiri,1260.711,57.78
Nut - Peanut Roasted,2938.2,144.24
Chicken - Wieners,1404.194,140.0
Mustard - Pommery,3464.661,142.0
Chocolate - Mi - Amere Semi,3189.25,141.09
Olive - Spread Tapenade,3551.307,131.84
Lobster - Tail 3 - 4 Oz,1760.445,82.5
Spinach - Baby,1035.284,83.9
Mix - Cappucino Cocktail,2576.107,113.14
Muffin Carrot - Individual,2718.972,109.03
Calypso - Lemonade,3752.825,57.69
Cake - Miini Cheesecake Cherry,1641.745,57.29
Pineapple - Golden,330.452,112.81
Carrots - Jumbo,542.887,68.61
Wine - Taylors Reserve,1138.154,82.22
Madeira,439.702,36.51
Pastry - Baked Cinnamon Stick,2407.582,71.36
Compound - Orange,963.338,130.17
Pepper - White Ground,3019.372,57.96
Squeeze Bottle,2104.358,121.43
Wine - Muscadet Sur Lie,472.482,66.13
Mushroom - Portebello,3115.974,129.06
Nectarines,2095.778,61.58
Pork Loin Bine - In Frenched,3861.86,55.6
Crab - Dungeness Whole,3163.924,98.13
Pork Salted Bellies,64.246,49.46
Nut - Walnut Chopped,1517.032,109.92
Shopper Bag - S - 4,3999.071,130.95
Chicken - Whole,281.971,101.69
Shrimp - Tiger 21/25,1517.61,51.29
Ecolab - Balanced Fusion,2506.273,37.87
Hickory Smoke Liquid,416.287,53.57
Cabbage - Nappa,828.103,101.2
Persimmons,3784.265,27.95
Nescafe - Frothy French Vanilla,2002.093,30.74
Cheese - Gouda Smoked,2165.022,135.38
Wine - German Riesling,3224.106,149.22
Appetizer - Veg Assortment,442.723,118.54
Eggplant - Baby,3390.779,141.78
Clementine,3152.765,86.94
Iced Tea - Lemon 340ml,3749.836,63.84
Nut - Almond Blanched Sliced,1231.774,106.14
Veal - Loin,1532.576,55.19
Tea - Honey Green Tea,188.361,133.08
Chips - Doritos,1860.185,80.4
Bagel - Everything Presliced,1361.82,14.0
Sprouts - Onion,2643.105,123.43
Skirt - 24 Foot,650.265,72.99
Uniform Linen Charge,839.69,114.95
Bread - Italian Corn Meal Poly,1093.017,97.25
Dooleys Toffee,327.779,94.12
Pepper - Black Ground,2147.708,27.65
Cakes Assorted,1441.363,129.14
Veal - Ground,514.185,120.33
Clam Nectar,526.884,40.38
Cherries - Frozen,752.789,116.59
Nestea - Ice Tea Diet,667.171,53.87
Horseradish - Prepared,2801.394,139.69
Cheese Cheddar Processed,1892.98,111.54
Magnotta - Bel Paese White,1138.554,60.71
Hersey Shakes,3307.177,33.56
Paper Cocktail Umberlla 80 - 180,715.457,83.51
Cheese - Perron Cheddar,2437.206,62.38
Cake - Cake Sheet Macaroon,2719.584,12.07
Lime Cordial - Roses,1088.4,39.73
Soup Bowl Clear 8oz92008,2728.726,88.9
Doilies - 8 Paper,2221.239,27.73
Beef - Short Loin,2476.938,132.47
Cake - Pancake,1200.404,76.12
Cheese - Pied De Vents,2712.903,13.87
Gatorade - Xfactor Berry,3295.219,22.55
Paste - Black Olive,3070.24,107.07
Juice - Orange 1.89l,1103.139,17.94
Island Oasis - Pina Colada,1663.993,82.08
Pastry - Banana Tea Loaf,1604.692,124.33
Pizza Pizza Dough,2193.283,138.67
Tea - Decaf 1 Cup,630.506,129.26
Beans - Long Chinese,659.079,118.01
Buffalo - Striploin,2531.701,97.43
Chocolate Eclairs,2430.286,108.49
Beef - Montreal Smoked Brisket,1114.774,13.18
Soup - Knorr Chicken Gumbo,899.129,140.09
Cactus Pads,338.284,117.41
Sauce - Rosee,1657.505,63.02
Cheese - Marble,2391.49,51.47
Tamarind Paste,1183.394,132.39
Nut - Chestnuts Whole,2049.301,53.78
Scotch - Queen Anne,1841.653,115.86
Beans - Navy Dry,2893.557,40.95
Beans - Turtle Black Dry,1344.581,75.54
Sauce - Plum,2127.448,110.01
Wine - Riesling Alsace Ac 2001,676.648,99.02
Dawn Professionl Pot And Pan,2455.927,51.06
Flour - So Mix Cake White,2631.99,125.37
Wine - Two Oceans Cabernet,408.875,120.22
Paper Cocktail Umberlla 80 - 180,1878.956,125.47
Salt - Celery,69.833,14.76
Soy Protein,1533.851,56.34
Wine - Beringer Founders Estate,2370.78,86.37
Haggis,3321.111,108.59
Muffin - Bran Ind Wrpd,1815.145,88.62
Truffle Shells - Semi - Sweet,128.16,113.29
Pasta - Penne Rigate Dry,481.55,129.7
Melon - Honey Dew,160.674,86.71
Wine - White Cooking,78.965,10.04
Soup - Cream Of Broccoli Dry,3245.943,80.12
Wine - Red Mouton Cadet,3098.198,115.11
Hold Up Tool Storage Rack,1886.524,66.34
Carbonated Water - Blackcherry,2103.8,114.2
Coke - Classic 355 Ml,3153.579,20.44
Tart Shells - Sweet 2,2829.155,10.37
Shrimp - 150 - 250,879.836,93.44
Fenngreek Seed,1546.429,127.48
Oil - Sunflower,1041.604,121.18
Lettuce - Baby Salad Greens,3314.788,71.23
Kumquat,1166.46,19.34
Wine - Casillero Del Diablo,1573.57,121.96
Halibut - Steaks,436.189,59.77
Wine - Red Cooking,2381.388,138.41
Mop Head - Cotton 24 Oz,3101.193,132.82
Eggplant Oriental,1178.024,138.2
Potatoes - Mini White 3 Oz,45.108,44.08
Molasses - Fancy,1007.686,115.91
Coffee - Colombian Portioned,1063.792,72.88
Wine - Red Pinot Noir Chateau,2485.572,73.5
Flour - Fast / Rapid,2932.593,91.79
Rice - Brown,1651.254,140.58
Wiberg Cure,1419.313,60.62
The Pop Shoppe - Lime Rickey,1077.996,122.81
Scallops - In Shell,2466.163,93.76
Chocolate Liqueur - Godet White,783.504,13.58
Chicken - Soup Base,1821.307,41.73
Chinese Foods - Chicken Wing,765.351,122.98
Papadam,1217.254,84.19
Flour - Buckwheat Dark,1879.983,146.95
Wine - Rioja Campo Viejo,2939.044,130.11
Asparagus - White Canned,626.179,37.32
Wine - Cotes Du Rhone Parallele,2639.08,16.18
Sun - Dried Tomatoes,327.983,73.41
Bandage - Finger Cots,300.96,128.82
Chinese Foods - Plain Fried Rice,1855.906,38.31
Trueblue - Blueberry,2739.97,130.77
Cheese - Havarti Roasted Garlic,317.944,41.95
Nut - Almond Blanched Whole,3370.064,79.11
Orange Roughy 4/6 Oz,1967.035,91.15
Doilies - 10 Paper,3883.913,68.67
Calypso - Strawberry Lemonade,2689.574,120.08
Bay Leaf Ground,2658.723,54.78
Syrup - Golden Lyles,1866.556,127.89
Eggroll,3495.624,140.69
Sauce Bbq Smokey,1369.172,88.75
Bread - French Stick,2930.582,92.9
Crush - Grape 355 Ml,2394.053,29.09
Eggs - Extra Large,2881.573,54.39
Pasta - Fusili Dry,3479.35,143.35
Spinach - Packaged,1936.355,98.94
Cilantro / Coriander - Fresh,678.44,135.15
Towel Multifold,3448.517,97.78
Soup - Campbells Pasta Fagioli,3279.77,55.29
Cheese - Provolone,2744.314,56.12
Juice Peach Nectar,26.145,122.94
Juice - Orange 341 Ml,1241.707,61.41
Cream - 10%,377.998,25.83
Coffee - Frthy Coffee Crisp,2887.994,133.61
Broom And Broom Rack White,1346.938,82.4
Scallops - U - 10,1547.172,36.93
Dc Hikiage Hira Huba,3130.607,15.0
Truffle Cups - Red,523.425,38.93
Halibut - Fletches,1294.966,127.88
Lettuce - Treviso,2660.919,126.62
Onions - Spanish,1554.268,63.37
Appetizer - Shrimp Puff,2565.056,101.81
Chocolate - Feathers,2230.258,43.15
Beef - Texas Style Burger,1394.375,113.27
Lady Fingers,964.883,78.16
Tomatoes - Cherry,2229.752,51.07
Cheese - Asiago,2683.741,39.99
Leeks - Baby White,502.055,24.93
Muffin Hinge Container 6,2253.575,111.35
Horseradish - Prepared,2330.23,110.23
Wine - Semi Dry Riesling Vineland,443.128,95.17
Wiberg Super Cure,52.058,106.32
Pail - 15l White With Handle,3606.822,113.31
Sugar - White Packet,2217.817,43.37
Doilies - 10 Paper,3967.786,129.84
Plate Pie Foil,1194.143,78.13
Beef - Top Sirloin,1951.801,45.07
Flour - Rye,842.149,56.48
